bonus_title_old,bonus_title_new
14 дней за 1 рубль.  Промостраницы,14 дней за 1 рубль.  Промостраницы
"35ZA1 Кампания ""Хватит""","35ZA1 Кампания ""Хватит"""
45DAYS-уникальные (2),email
Bloggers JUNE Mediacube 2024,Bloggers
C2H5OH,C2H5OH
FIRSTBASE Июнь 2024,FIRSTBASE Июнь 2024
Flocktory Exchange 2,Flocktory
Flocktory Pre-Checkout,Flocktory
Flocktory: BSP,Flocktory
Flocktory: BSP - 1 Year,Flocktory
Flocktory: Exchange 365 (3&399),Flocktory
Flocktory: Exchange 6 months (test),Flocktory
Flocktory: Exchange up to 365,Flocktory
GPM Native Rent JUNE 2024,PR
Get4Click 30 days,Get4Click
Get4Click 30 days 399,Get4Click
GetBlogger (40 дней\399 за 3 мес),Bloggers
GetBlogger (45 дней\399 за 3 мес),Bloggers
IMMEDIA Пиар Сентябрь 2024,PR
LETSTRY,others
MONT. Подписка viju 12 месяцев  МТС базовый,Ставропольцев
NEW24,others
NEWAPP-RUS,Mobile
NewMedia_Карпенко_12мес,Ставропольцев
PR Viasat  - Январь 2024,PR
Perfluence 3 мес 399 \ 45 дней,Perfluence
Perfluence SPLASH,Perfluence
RAP promo 2024,RAP promo 2024
RIS (35 дней за 1 рубль),RIS
Sharry 3 мес 399 \ 45 дней,Sharry 3 мес 399 \ 45 дней
TEST \ Get4Click 30 days 399,test
Telegram 30 days,Telegram 30 days
VIJU29,VIJU29
VK Checkback 2024 April,VK
avito35,avito35
ГудПринт_Выборы3_5000шт_22августа2024,Ставропольцев
Захаров ЕМГ Май 2024,Ставропольцев
Конкурс СММ Май,SMM
Подписка viju 1 месяц (DNS)_27декабря,Ставропольцев
Подписка viju 1 месяц_МВидео_23января2023г,Ставропольцев
Подписка viju 1+1 месяц в подарок_МВидео_18мая2023г,Ставропольцев
Подписка viju 12 месяцев_МВидео_23августа2023г.,Ставропольцев
Подписка viju 24 месяца_МВидео_05сентября2023г 1000штук,Ставропольцев
Подписка viju 3 месяца_МВидео_22августа2023г.csv,Ставропольцев
Подписка viju 3+3 месяца в подарок (МВМ) _ 27фев2024,Ставропольцев
Подписка viju 3+3 месяца в подарок_МВидео_18мая2023г,Ставропольцев
Подписка viju 6 месяцев (МВМ) _27февраля2024,Ставропольцев
Подписка viju 6 месяцев МВидео_03июля2023г.csv,Ставропольцев
Подписка viju 6 месяцев_МВидео_11июля_2023г_5000щт,Ставропольцев
Подписка_viju_12_месяцев_ОЗОН_NEW_29_сентября,Ставропольцев
Подписка_viju_1_месяц_Mygiftcard_18_августа,Ставропольцев
Подписка_viju_1_месяц_М.Видео_31_августа,Ставропольцев
Подписка_viju_1_месяц_ОЗОН_NEW_29_сентября,Ставропольцев
Подписка_viju_1_месяц_Озон_20_сентября.csv,Ставропольцев
Подписка_viju_24_месяца_МОНТ_07дек,Ставропольцев
Подписка_viju_3_месяц_Mygiftcard_18_августа,Ставропольцев
Подписка_viju_3_месяца_МОНТ_07дек,Ставропольцев
Подписка_viju_6_месяцев_МВидео_27декабря,Ставропольцев
Промокод (тест 3 месяца),test
Промокоды на год - 35 шт.,others
Тест промокод на 1 год,test
Тестовый многоразовый промокод на 30 дней,test
Флоктори 48/199 1 мес.,Flocktory
Яндекс Директ. 1 месяц - за 1 рубль.,Яндекс Директ. 1 месяц за 1 рубль.
Яндекс Директ. 1 месяц за 1 рубль.,Яндекс Директ. 1 месяц за 1 рубль.
саппорт,support
тест - Многоразовый промокод на 2 месяца с привязкой карты,test
тест скидок 4,test
14 дней за 1 рубль. Для рекламы Telegram,14 дней за 1 рубль. Для рекламы Telegram
30 дней за 1 рубль. MediaNation,30 дней за 1 рубль. MediaNation
30 дней за 1 рубль. СРА-сетки. CityAds,30 дней за 1 рубль. СРА-сетки. CityAds
30DAYS-уникальные,email
30DAYS-уникальные (2),email
30DAYS-уникальные NEW,email
CHANCE2,support
Flocktory: BSP x399,Flocktory
Get4Click 29 rub month,Get4Click
MONT. Подписка viju 1 месяц МТС базовый,Ставропольцев
PROMO35,PROMO35
PROMOKODUS,PROMOKODUS
PROMOKODUS на 35 дней,PROMOKODUS
Perfluence 3 мес 399 \ 40 дней,Perfluence
Perfluence:29\199,Perfluence
RIS (35 дней за 1 рубль) 3\399,RIS
Social Media Contest SEPT 2024,SMM
TEST Промокод без привязки карты,test
VK March 2024,VK
VOLNA Февраль-Май 2024,Ставропольцев
Город_Тройка_12января,Ставропольцев
Гудпринт_12месяцев_26февраля2024_Выборы,Ставропольцев
Гудпринт_6месяцев_26февраля2024_Выборы,Ставропольцев
Каро.Арт PR июнь 2024,PR
М.Видео_коды_12авг24_6мес_3000,Ставропольцев
Миллион_призов_Выборы_2_Гудпринт,Ставропольцев
Мобильные промокоды,Mobile
Никита_продукт_3мес_тест,test
Оффер для Пятерочки (ГудПринт),Ставропольцев
Подписка viju 1 месяц М.Видео 08 июля,Ставропольцев
Подписка viju 12 месяц_МВидео_29марта_2023г,Ставропольцев
Подписка viju 12 месяцев (DNS)_27декабря,Ставропольцев
Подписка viju 24 месяца (МВМ)13марта2024,Ставропольцев
Подписка viju 24 месяца (МВМ)_13марта2024,Ставропольцев
Подписка viju 24 месяца_МВидео_05сентября2023г_ 1000штук,Ставропольцев
Подписка viju 24 месяца_МВидео_08июня2023г.csv,Ставропольцев
Подписка viju 3+3 месяца  М.Видео 22 апреля 2024г,Ставропольцев
Подписка viju 3+3 месяца 12февраля2024,Ставропольцев
Подписка viju 3+3 месяца в подарок (МВМ) _13марта2024г,Ставропольцев
Подписка viju 6 месяцев_МВидео_04сентября2023г 3000штук,Ставропольцев
Подписка viju 6 месяцев_МВидео_08июня2023г.csv,Ставропольцев
Подписка_viju 1_месяц_МВидео_14февраля2023г,Ставропольцев
Подписка_viju_12_месяц_Mygiftcard_18_августа,Ставропольцев
Подписка_viju_12месяцев_МВидео_03ноя2023г,Ставропольцев
Подписка_viju_1_месяц_МВидео_27декабря,Ставропольцев
Подписка_viju_1_месяц_МОНТ_07дек,Ставропольцев
Подписка_viju_3_месяца_ОЗОН_NEW_29_сентября,Ставропольцев
Подписка_viju_45_дней_Промо_МВидео,Ставропольцев
Подписка_viju_6_месяц_Mygiftcard_18_августа,Ставропольцев
Промо на 1 год без привязки карты,PR
Промокод (тест неделя),test
"Промокод без привязки карты на 12 мес (Армения, партнеры)",others
Промокод без привязки карты на 12 мес (тест),test
"Промокод для сторов и моб кампаний, март",Mobile
Таттелеком_Тестовые_коды_3мес_10июл2024,test
фильмы и сериалы по подписке (магнит) 1 млн,Ставропольцев
